"","X","t","n"
"17529",17529,"2009-02-01 00:00:00",2
"17530",17530,"2009-02-01 01:00:00",0
"17531",17531,"2009-02-01 02:00:00",1
"17532",17532,"2009-02-01 03:00:00",3
"17533",17533,"2009-02-01 04:00:00",0
"17534",17534,"2009-02-01 05:00:00",2
"17535",17535,"2009-02-01 06:00:00",1
"17536",17536,"2009-02-01 07:00:00",6
"17537",17537,"2009-02-01 08:00:00",1
"17538",17538,"2009-02-01 09:00:00",2
"17539",17539,"2009-02-01 10:00:00",4
"17540",17540,"2009-02-01 11:00:00",7
"17541",17541,"2009-02-01 12:00:00",8
"17542",17542,"2009-02-01 13:00:00",5
"17543",17543,"2009-02-01 14:00:00",14
"17544",17544,"2009-02-01 15:00:00",12
"17545",17545,"2009-02-01 16:00:00",10
"17546",17546,"2009-02-01 17:00:00",23
"17547",17547,"2009-02-01 18:00:00",11
"17548",17548,"2009-02-01 19:00:00",37
"17549",17549,"2009-02-01 20:00:00",34
"17550",17550,"2009-02-01 21:00:00",27
"17551",17551,"2009-02-01 22:00:00",10
"17552",17552,"2009-02-01 23:00:00",6
"17553",17553,"2009-02-02 00:00:00",0
"17554",17554,"2009-02-02 01:00:00",1
"17555",17555,"2009-02-02 02:00:00",2
"17556",17556,"2009-02-02 03:00:00",1
"17557",17557,"2009-02-02 04:00:00",0
"17558",17558,"2009-02-02 05:00:00",1
"17559",17559,"2009-02-02 06:00:00",1
"17560",17560,"2009-02-02 07:00:00",8
"17561",17561,"2009-02-02 08:00:00",11
"17562",17562,"2009-02-02 09:00:00",10
"17563",17563,"2009-02-02 10:00:00",6
"17564",17564,"2009-02-02 11:00:00",11
"17565",17565,"2009-02-02 12:00:00",15
"17566",17566,"2009-02-02 13:00:00",14
"17567",17567,"2009-02-02 14:00:00",15
"17568",17568,"2009-02-02 15:00:00",7
"17569",17569,"2009-02-02 16:00:00",10
"17570",17570,"2009-02-02 17:00:00",14
"17571",17571,"2009-02-02 18:00:00",15
"17572",17572,"2009-02-02 19:00:00",3
"17573",17573,"2009-02-02 20:00:00",7
"17574",17574,"2009-02-02 21:00:00",4
"17575",17575,"2009-02-02 22:00:00",6
"17576",17576,"2009-02-02 23:00:00",4
"17577",17577,"2009-02-03 00:00:00",2
"17578",17578,"2009-02-03 01:00:00",2
"17579",17579,"2009-02-03 02:00:00",1
"17580",17580,"2009-02-03 03:00:00",1
"17581",17581,"2009-02-03 04:00:00",4
"17582",17582,"2009-02-03 05:00:00",4
"17583",17583,"2009-02-03 06:00:00",4
"17584",17584,"2009-02-03 07:00:00",1
"17585",17585,"2009-02-03 08:00:00",8
"17586",17586,"2009-02-03 09:00:00",7
"17587",17587,"2009-02-03 10:00:00",11
"17588",17588,"2009-02-03 11:00:00",19
"17589",17589,"2009-02-03 12:00:00",13
"17590",17590,"2009-02-03 13:00:00",8
"17591",17591,"2009-02-03 14:00:00",18
"17592",17592,"2009-02-03 15:00:00",13
"17593",17593,"2009-02-03 16:00:00",7
"17594",17594,"2009-02-03 17:00:00",7
"17595",17595,"2009-02-03 18:00:00",9
"17596",17596,"2009-02-03 19:00:00",5
"17597",17597,"2009-02-03 20:00:00",3
"17598",17598,"2009-02-03 21:00:00",16
"17599",17599,"2009-02-03 22:00:00",9
"17600",17600,"2009-02-03 23:00:00",4
"17601",17601,"2009-02-04 00:00:00",1
"17602",17602,"2009-02-04 01:00:00",3
"17603",17603,"2009-02-04 02:00:00",1
"17604",17604,"2009-02-04 03:00:00",1
"17605",17605,"2009-02-04 04:00:00",4
"17606",17606,"2009-02-04 05:00:00",8
"17607",17607,"2009-02-04 06:00:00",3
"17608",17608,"2009-02-04 07:00:00",6
"17609",17609,"2009-02-04 08:00:00",12
"17610",17610,"2009-02-04 09:00:00",8
"17611",17611,"2009-02-04 10:00:00",9
"17612",17612,"2009-02-04 11:00:00",8
"17613",17613,"2009-02-04 12:00:00",18
"17614",17614,"2009-02-04 13:00:00",19
"17615",17615,"2009-02-04 14:00:00",13
"17616",17616,"2009-02-04 15:00:00",13
"17617",17617,"2009-02-04 16:00:00",9
"17618",17618,"2009-02-04 17:00:00",9
"17619",17619,"2009-02-04 18:00:00",11
"17620",17620,"2009-02-04 19:00:00",4
"17621",17621,"2009-02-04 20:00:00",12
"17622",17622,"2009-02-04 21:00:00",30
"17623",17623,"2009-02-04 22:00:00",7
"17624",17624,"2009-02-04 23:00:00",5
"17625",17625,"2009-02-05 00:00:00",2
"17626",17626,"2009-02-05 01:00:00",0
"17627",17627,"2009-02-05 02:00:00",0
"17628",17628,"2009-02-05 03:00:00",0
"17629",17629,"2009-02-05 04:00:00",0
"17630",17630,"2009-02-05 05:00:00",1
"17631",17631,"2009-02-05 06:00:00",1
"17632",17632,"2009-02-05 07:00:00",5
"17633",17633,"2009-02-05 08:00:00",8
"17634",17634,"2009-02-05 09:00:00",16
"17635",17635,"2009-02-05 10:00:00",15
"17636",17636,"2009-02-05 11:00:00",14
"17637",17637,"2009-02-05 12:00:00",17
"17638",17638,"2009-02-05 13:00:00",16
"17639",17639,"2009-02-05 14:00:00",15
"17640",17640,"2009-02-05 15:00:00",13
"17641",17641,"2009-02-05 16:00:00",13
"17642",17642,"2009-02-05 17:00:00",9
"17643",17643,"2009-02-05 18:00:00",3
"17644",17644,"2009-02-05 19:00:00",4
"17645",17645,"2009-02-05 20:00:00",7
"17646",17646,"2009-02-05 21:00:00",6
"17647",17647,"2009-02-05 22:00:00",7
"17648",17648,"2009-02-05 23:00:00",2
"17649",17649,"2009-02-06 00:00:00",5
"17650",17650,"2009-02-06 01:00:00",1
"17651",17651,"2009-02-06 02:00:00",0
"17652",17652,"2009-02-06 03:00:00",0
"17653",17653,"2009-02-06 04:00:00",6
"17654",17654,"2009-02-06 05:00:00",2
"17655",17655,"2009-02-06 06:00:00",5
"17656",17656,"2009-02-06 07:00:00",5
"17657",17657,"2009-02-06 08:00:00",5
"17658",17658,"2009-02-06 09:00:00",12
"17659",17659,"2009-02-06 10:00:00",9
"17660",17660,"2009-02-06 11:00:00",10
"17661",17661,"2009-02-06 12:00:00",17
"17662",17662,"2009-02-06 13:00:00",18
"17663",17663,"2009-02-06 14:00:00",12
"17664",17664,"2009-02-06 15:00:00",19
"17665",17665,"2009-02-06 16:00:00",10
"17666",17666,"2009-02-06 17:00:00",9
"17667",17667,"2009-02-06 18:00:00",2
"17668",17668,"2009-02-06 19:00:00",2
"17669",17669,"2009-02-06 20:00:00",13
"17670",17670,"2009-02-06 21:00:00",13
"17671",17671,"2009-02-06 22:00:00",3
"17672",17672,"2009-02-06 23:00:00",8
"17673",17673,"2009-02-07 00:00:00",6
"17674",17674,"2009-02-07 01:00:00",0
"17675",17675,"2009-02-07 02:00:00",2
"17676",17676,"2009-02-07 03:00:00",0
"17677",17677,"2009-02-07 04:00:00",1
"17678",17678,"2009-02-07 05:00:00",1
"17679",17679,"2009-02-07 06:00:00",1
"17680",17680,"2009-02-07 07:00:00",4
"17681",17681,"2009-02-07 08:00:00",10
"17682",17682,"2009-02-07 09:00:00",10
"17683",17683,"2009-02-07 10:00:00",6
"17684",17684,"2009-02-07 11:00:00",10
"17685",17685,"2009-02-07 12:00:00",10
"17686",17686,"2009-02-07 13:00:00",15
"17687",17687,"2009-02-07 14:00:00",7
"17688",17688,"2009-02-07 15:00:00",10
"17689",17689,"2009-02-07 16:00:00",18
"17690",17690,"2009-02-07 17:00:00",5
"17691",17691,"2009-02-07 18:00:00",5
"17692",17692,"2009-02-07 19:00:00",4
"17693",17693,"2009-02-07 20:00:00",7
"17694",17694,"2009-02-07 21:00:00",3
"17695",17695,"2009-02-07 22:00:00",5
"17696",17696,"2009-02-07 23:00:00",6
"17697",17697,"2009-02-08 00:00:00",4
"17698",17698,"2009-02-08 01:00:00",2
"17699",17699,"2009-02-08 02:00:00",1
"17700",17700,"2009-02-08 03:00:00",1
"17701",17701,"2009-02-08 04:00:00",0
"17702",17702,"2009-02-08 05:00:00",1
"17703",17703,"2009-02-08 06:00:00",2
"17704",17704,"2009-02-08 07:00:00",5
"17705",17705,"2009-02-08 08:00:00",8
"17706",17706,"2009-02-08 09:00:00",6
"17707",17707,"2009-02-08 10:00:00",5
"17708",17708,"2009-02-08 11:00:00",4
"17709",17709,"2009-02-08 12:00:00",11
"17710",17710,"2009-02-08 13:00:00",4
"17711",17711,"2009-02-08 14:00:00",1
"17712",17712,"2009-02-08 15:00:00",7
"17713",17713,"2009-02-08 16:00:00",7
"17714",17714,"2009-02-08 17:00:00",4
"17715",17715,"2009-02-08 18:00:00",8
"17716",17716,"2009-02-08 19:00:00",18
"17717",17717,"2009-02-08 20:00:00",17
"17718",17718,"2009-02-08 21:00:00",17
"17719",17719,"2009-02-08 22:00:00",11
"17720",17720,"2009-02-08 23:00:00",2
"17721",17721,"2009-02-09 00:00:00",6
"17722",17722,"2009-02-09 01:00:00",2
"17723",17723,"2009-02-09 02:00:00",1
"17724",17724,"2009-02-09 03:00:00",1
"17725",17725,"2009-02-09 04:00:00",0
"17726",17726,"2009-02-09 05:00:00",2
"17727",17727,"2009-02-09 06:00:00",1
"17728",17728,"2009-02-09 07:00:00",4
"17729",17729,"2009-02-09 08:00:00",6
"17730",17730,"2009-02-09 09:00:00",6
"17731",17731,"2009-02-09 10:00:00",20
"17732",17732,"2009-02-09 11:00:00",10
"17733",17733,"2009-02-09 12:00:00",10
"17734",17734,"2009-02-09 13:00:00",9
"17735",17735,"2009-02-09 14:00:00",10
"17736",17736,"2009-02-09 15:00:00",15
"17737",17737,"2009-02-09 16:00:00",20
"17738",17738,"2009-02-09 17:00:00",8
"17739",17739,"2009-02-09 18:00:00",13
"17740",17740,"2009-02-09 19:00:00",9
"17741",17741,"2009-02-09 20:00:00",8
"17742",17742,"2009-02-09 21:00:00",11
"17743",17743,"2009-02-09 22:00:00",7
"17744",17744,"2009-02-09 23:00:00",4
"17745",17745,"2009-02-10 00:00:00",3
"17746",17746,"2009-02-10 01:00:00",2
"17747",17747,"2009-02-10 02:00:00",4
"17748",17748,"2009-02-10 03:00:00",1
"17749",17749,"2009-02-10 04:00:00",0
"17750",17750,"2009-02-10 05:00:00",4
"17751",17751,"2009-02-10 06:00:00",4
"17752",17752,"2009-02-10 07:00:00",5
"17753",17753,"2009-02-10 08:00:00",4
"17754",17754,"2009-02-10 09:00:00",5
"17755",17755,"2009-02-10 10:00:00",11
"17756",17756,"2009-02-10 11:00:00",9
"17757",17757,"2009-02-10 12:00:00",10
"17758",17758,"2009-02-10 13:00:00",10
"17759",17759,"2009-02-10 14:00:00",12
"17760",17760,"2009-02-10 15:00:00",9
"17761",17761,"2009-02-10 16:00:00",16
"17762",17762,"2009-02-10 17:00:00",7
"17763",17763,"2009-02-10 18:00:00",5
"17764",17764,"2009-02-10 19:00:00",9
"17765",17765,"2009-02-10 20:00:00",4
"17766",17766,"2009-02-10 21:00:00",7
"17767",17767,"2009-02-10 22:00:00",4
"17768",17768,"2009-02-10 23:00:00",4
"17769",17769,"2009-02-11 00:00:00",3
"17770",17770,"2009-02-11 01:00:00",1
"17771",17771,"2009-02-11 02:00:00",0
"17772",17772,"2009-02-11 03:00:00",1
"17773",17773,"2009-02-11 04:00:00",0
"17774",17774,"2009-02-11 05:00:00",2
"17775",17775,"2009-02-11 06:00:00",4
"17776",17776,"2009-02-11 07:00:00",2
"17777",17777,"2009-02-11 08:00:00",6
"17778",17778,"2009-02-11 09:00:00",8
"17779",17779,"2009-02-11 10:00:00",5
"17780",17780,"2009-02-11 11:00:00",5
"17781",17781,"2009-02-11 12:00:00",14
"17782",17782,"2009-02-11 13:00:00",11
"17783",17783,"2009-02-11 14:00:00",7
"17784",17784,"2009-02-11 15:00:00",12
"17785",17785,"2009-02-11 16:00:00",8
"17786",17786,"2009-02-11 17:00:00",8
"17787",17787,"2009-02-11 18:00:00",7
"17788",17788,"2009-02-11 19:00:00",7
"17789",17789,"2009-02-11 20:00:00",6
"17790",17790,"2009-02-11 21:00:00",24
"17791",17791,"2009-02-11 22:00:00",15
"17792",17792,"2009-02-11 23:00:00",5
"17793",17793,"2009-02-12 00:00:00",1
"17794",17794,"2009-02-12 01:00:00",3
"17795",17795,"2009-02-12 02:00:00",4
"17796",17796,"2009-02-12 03:00:00",1
"17797",17797,"2009-02-12 04:00:00",3
"17798",17798,"2009-02-12 05:00:00",2
"17799",17799,"2009-02-12 06:00:00",5
"17800",17800,"2009-02-12 07:00:00",5
"17801",17801,"2009-02-12 08:00:00",18
"17802",17802,"2009-02-12 09:00:00",20
"17803",17803,"2009-02-12 10:00:00",19
"17804",17804,"2009-02-12 11:00:00",17
"17805",17805,"2009-02-12 12:00:00",17
"17806",17806,"2009-02-12 13:00:00",13
"17807",17807,"2009-02-12 14:00:00",21
"17808",17808,"2009-02-12 15:00:00",11
"17809",17809,"2009-02-12 16:00:00",15
"17810",17810,"2009-02-12 17:00:00",14
"17811",17811,"2009-02-12 18:00:00",8
"17812",17812,"2009-02-12 19:00:00",5
"17813",17813,"2009-02-12 20:00:00",12
"17814",17814,"2009-02-12 21:00:00",18
"17815",17815,"2009-02-12 22:00:00",13
"17816",17816,"2009-02-12 23:00:00",6
"17817",17817,"2009-02-13 00:00:00",6
"17818",17818,"2009-02-13 01:00:00",2
"17819",17819,"2009-02-13 02:00:00",3
"17820",17820,"2009-02-13 03:00:00",2
"17821",17821,"2009-02-13 04:00:00",5
"17822",17822,"2009-02-13 05:00:00",7
"17823",17823,"2009-02-13 06:00:00",11
"17824",17824,"2009-02-13 07:00:00",5
"17825",17825,"2009-02-13 08:00:00",22
"17826",17826,"2009-02-13 09:00:00",15
"17827",17827,"2009-02-13 10:00:00",9
"17828",17828,"2009-02-13 11:00:00",13
"17829",17829,"2009-02-13 12:00:00",12
"17830",17830,"2009-02-13 13:00:00",12
"17831",17831,"2009-02-13 14:00:00",23
"17832",17832,"2009-02-13 15:00:00",13
"17833",17833,"2009-02-13 16:00:00",6
"17834",17834,"2009-02-13 17:00:00",18
"17835",17835,"2009-02-13 18:00:00",7
"17836",17836,"2009-02-13 19:00:00",10
"17837",17837,"2009-02-13 20:00:00",5
"17838",17838,"2009-02-13 21:00:00",5
"17839",17839,"2009-02-13 22:00:00",4
"17840",17840,"2009-02-13 23:00:00",3
"17841",17841,"2009-02-14 00:00:00",3
"17842",17842,"2009-02-14 01:00:00",3
"17843",17843,"2009-02-14 02:00:00",1
"17844",17844,"2009-02-14 03:00:00",4
"17845",17845,"2009-02-14 04:00:00",1
"17846",17846,"2009-02-14 05:00:00",1
"17847",17847,"2009-02-14 06:00:00",5
"17848",17848,"2009-02-14 07:00:00",2
"17849",17849,"2009-02-14 08:00:00",11
"17850",17850,"2009-02-14 09:00:00",5
"17851",17851,"2009-02-14 10:00:00",13
"17852",17852,"2009-02-14 11:00:00",12
"17853",17853,"2009-02-14 12:00:00",11
"17854",17854,"2009-02-14 13:00:00",14
"17855",17855,"2009-02-14 14:00:00",6
"17856",17856,"2009-02-14 15:00:00",7
"17857",17857,"2009-02-14 16:00:00",12
"17858",17858,"2009-02-14 17:00:00",8
"17859",17859,"2009-02-14 18:00:00",2
"17860",17860,"2009-02-14 19:00:00",5
"17861",17861,"2009-02-14 20:00:00",2
"17862",17862,"2009-02-14 21:00:00",2
"17863",17863,"2009-02-14 22:00:00",8
"17864",17864,"2009-02-14 23:00:00",4
"17865",17865,"2009-02-15 00:00:00",2
"17866",17866,"2009-02-15 01:00:00",2
"17867",17867,"2009-02-15 02:00:00",2
"17868",17868,"2009-02-15 03:00:00",0
"17869",17869,"2009-02-15 04:00:00",1
"17870",17870,"2009-02-15 05:00:00",1
"17871",17871,"2009-02-15 06:00:00",1
"17872",17872,"2009-02-15 07:00:00",3
"17873",17873,"2009-02-15 08:00:00",7
"17874",17874,"2009-02-15 09:00:00",8
"17875",17875,"2009-02-15 10:00:00",4
"17876",17876,"2009-02-15 11:00:00",10
"17877",17877,"2009-02-15 12:00:00",10
"17878",17878,"2009-02-15 13:00:00",5
"17879",17879,"2009-02-15 14:00:00",9
"17880",17880,"2009-02-15 15:00:00",9
"17881",17881,"2009-02-15 16:00:00",6
"17882",17882,"2009-02-15 17:00:00",6
"17883",17883,"2009-02-15 18:00:00",5
"17884",17884,"2009-02-15 19:00:00",5
"17885",17885,"2009-02-15 20:00:00",4
"17886",17886,"2009-02-15 21:00:00",8
"17887",17887,"2009-02-15 22:00:00",9
"17888",17888,"2009-02-15 23:00:00",4
"17889",17889,"2009-02-16 00:00:00",7
"17890",17890,"2009-02-16 01:00:00",0
"17891",17891,"2009-02-16 02:00:00",1
"17892",17892,"2009-02-16 03:00:00",0
"17893",17893,"2009-02-16 04:00:00",0
"17894",17894,"2009-02-16 05:00:00",2
"17895",17895,"2009-02-16 06:00:00",1
"17896",17896,"2009-02-16 07:00:00",2
"17897",17897,"2009-02-16 08:00:00",9
"17898",17898,"2009-02-16 09:00:00",8
"17899",17899,"2009-02-16 10:00:00",10
"17900",17900,"2009-02-16 11:00:00",10
"17901",17901,"2009-02-16 12:00:00",7
"17902",17902,"2009-02-16 13:00:00",11
"17903",17903,"2009-02-16 14:00:00",14
"17904",17904,"2009-02-16 15:00:00",14
"17905",17905,"2009-02-16 16:00:00",10
"17906",17906,"2009-02-16 17:00:00",13
"17907",17907,"2009-02-16 18:00:00",11
"17908",17908,"2009-02-16 19:00:00",7
"17909",17909,"2009-02-16 20:00:00",9
"17910",17910,"2009-02-16 21:00:00",5
"17911",17911,"2009-02-16 22:00:00",10
"17912",17912,"2009-02-16 23:00:00",9
"17913",17913,"2009-02-17 00:00:00",3
"17914",17914,"2009-02-17 01:00:00",0
"17915",17915,"2009-02-17 02:00:00",3
"17916",17916,"2009-02-17 03:00:00",2
"17917",17917,"2009-02-17 04:00:00",3
"17918",17918,"2009-02-17 05:00:00",0
"17919",17919,"2009-02-17 06:00:00",6
"17920",17920,"2009-02-17 07:00:00",9
"17921",17921,"2009-02-17 08:00:00",15
"17922",17922,"2009-02-17 09:00:00",12
"17923",17923,"2009-02-17 10:00:00",20
"17924",17924,"2009-02-17 11:00:00",18
"17925",17925,"2009-02-17 12:00:00",11
"17926",17926,"2009-02-17 13:00:00",7
"17927",17927,"2009-02-17 14:00:00",14
"17928",17928,"2009-02-17 15:00:00",10
"17929",17929,"2009-02-17 16:00:00",10
"17930",17930,"2009-02-17 17:00:00",3
"17931",17931,"2009-02-17 18:00:00",5
"17932",17932,"2009-02-17 19:00:00",11
"17933",17933,"2009-02-17 20:00:00",10
"17934",17934,"2009-02-17 21:00:00",14
"17935",17935,"2009-02-17 22:00:00",14
"17936",17936,"2009-02-17 23:00:00",2
"17937",17937,"2009-02-18 00:00:00",9
"17938",17938,"2009-02-18 01:00:00",3
"17939",17939,"2009-02-18 02:00:00",1
"17940",17940,"2009-02-18 03:00:00",0
"17941",17941,"2009-02-18 04:00:00",2
"17942",17942,"2009-02-18 05:00:00",3
"17943",17943,"2009-02-18 06:00:00",4
"17944",17944,"2009-02-18 07:00:00",6
"17945",17945,"2009-02-18 08:00:00",8
"17946",17946,"2009-02-18 09:00:00",9
"17947",17947,"2009-02-18 10:00:00",12
"17948",17948,"2009-02-18 11:00:00",14
"17949",17949,"2009-02-18 12:00:00",14
"17950",17950,"2009-02-18 13:00:00",8
"17951",17951,"2009-02-18 14:00:00",13
"17952",17952,"2009-02-18 15:00:00",12
"17953",17953,"2009-02-18 16:00:00",15
"17954",17954,"2009-02-18 17:00:00",24
"17955",17955,"2009-02-18 18:00:00",9
"17956",17956,"2009-02-18 19:00:00",12
"17957",17957,"2009-02-18 20:00:00",13
"17958",17958,"2009-02-18 21:00:00",8
"17959",17959,"2009-02-18 22:00:00",10
"17960",17960,"2009-02-18 23:00:00",2
"17961",17961,"2009-02-19 00:00:00",7
"17962",17962,"2009-02-19 01:00:00",5
"17963",17963,"2009-02-19 02:00:00",0
"17964",17964,"2009-02-19 03:00:00",2
"17965",17965,"2009-02-19 04:00:00",1
"17966",17966,"2009-02-19 05:00:00",1
"17967",17967,"2009-02-19 06:00:00",5
"17968",17968,"2009-02-19 07:00:00",11
"17969",17969,"2009-02-19 08:00:00",9
"17970",17970,"2009-02-19 09:00:00",17
"17971",17971,"2009-02-19 10:00:00",13
"17972",17972,"2009-02-19 11:00:00",12
"17973",17973,"2009-02-19 12:00:00",16
"17974",17974,"2009-02-19 13:00:00",7
"17975",17975,"2009-02-19 14:00:00",7
"17976",17976,"2009-02-19 15:00:00",12
"17977",17977,"2009-02-19 16:00:00",17
"17978",17978,"2009-02-19 17:00:00",18
"17979",17979,"2009-02-19 18:00:00",7
"17980",17980,"2009-02-19 19:00:00",6
"17981",17981,"2009-02-19 20:00:00",5
"17982",17982,"2009-02-19 21:00:00",15
"17983",17983,"2009-02-19 22:00:00",5
"17984",17984,"2009-02-19 23:00:00",4
"17985",17985,"2009-02-20 00:00:00",11
"17986",17986,"2009-02-20 01:00:00",5
"17987",17987,"2009-02-20 02:00:00",2
"17988",17988,"2009-02-20 03:00:00",0
"17989",17989,"2009-02-20 04:00:00",4
"17990",17990,"2009-02-20 05:00:00",2
"17991",17991,"2009-02-20 06:00:00",3
"17992",17992,"2009-02-20 07:00:00",9
"17993",17993,"2009-02-20 08:00:00",9
"17994",17994,"2009-02-20 09:00:00",16
"17995",17995,"2009-02-20 10:00:00",20
"17996",17996,"2009-02-20 11:00:00",17
"17997",17997,"2009-02-20 12:00:00",23
"17998",17998,"2009-02-20 13:00:00",28
"17999",17999,"2009-02-20 14:00:00",19
"18000",18000,"2009-02-20 15:00:00",12
"18001",18001,"2009-02-20 16:00:00",17
"18002",18002,"2009-02-20 17:00:00",9
"18003",18003,"2009-02-20 18:00:00",10
"18004",18004,"2009-02-20 19:00:00",8
"18005",18005,"2009-02-20 20:00:00",13
"18006",18006,"2009-02-20 21:00:00",14
"18007",18007,"2009-02-20 22:00:00",6
"18008",18008,"2009-02-20 23:00:00",6
"18009",18009,"2009-02-21 00:00:00",14
"18010",18010,"2009-02-21 01:00:00",2
"18011",18011,"2009-02-21 02:00:00",3
"18012",18012,"2009-02-21 03:00:00",0
"18013",18013,"2009-02-21 04:00:00",1
"18014",18014,"2009-02-21 05:00:00",2
"18015",18015,"2009-02-21 06:00:00",2
"18016",18016,"2009-02-21 07:00:00",2
"18017",18017,"2009-02-21 08:00:00",8
"18018",18018,"2009-02-21 09:00:00",10
"18019",18019,"2009-02-21 10:00:00",9
"18020",18020,"2009-02-21 11:00:00",10
"18021",18021,"2009-02-21 12:00:00",15
"18022",18022,"2009-02-21 13:00:00",16
"18023",18023,"2009-02-21 14:00:00",9
"18024",18024,"2009-02-21 15:00:00",8
"18025",18025,"2009-02-21 16:00:00",18
"18026",18026,"2009-02-21 17:00:00",10
"18027",18027,"2009-02-21 18:00:00",9
"18028",18028,"2009-02-21 19:00:00",8
"18029",18029,"2009-02-21 20:00:00",6
"18030",18030,"2009-02-21 21:00:00",6
"18031",18031,"2009-02-21 22:00:00",3
"18032",18032,"2009-02-21 23:00:00",7
"18033",18033,"2009-02-22 00:00:00",9
"18034",18034,"2009-02-22 01:00:00",3
"18035",18035,"2009-02-22 02:00:00",2
"18036",18036,"2009-02-22 03:00:00",0
"18037",18037,"2009-02-22 04:00:00",1
"18038",18038,"2009-02-22 05:00:00",4
"18039",18039,"2009-02-22 06:00:00",2
"18040",18040,"2009-02-22 07:00:00",2
"18041",18041,"2009-02-22 08:00:00",3
"18042",18042,"2009-02-22 09:00:00",4
"18043",18043,"2009-02-22 10:00:00",5
"18044",18044,"2009-02-22 11:00:00",10
"18045",18045,"2009-02-22 12:00:00",6
"18046",18046,"2009-02-22 13:00:00",5
"18047",18047,"2009-02-22 14:00:00",7
"18048",18048,"2009-02-22 15:00:00",11
"18049",18049,"2009-02-22 16:00:00",12
"18050",18050,"2009-02-22 17:00:00",8
"18051",18051,"2009-02-22 18:00:00",19
"18052",18052,"2009-02-22 19:00:00",21
"18053",18053,"2009-02-22 20:00:00",32
"18054",18054,"2009-02-22 21:00:00",14
"18055",18055,"2009-02-22 22:00:00",12
"18056",18056,"2009-02-22 23:00:00",4
"18057",18057,"2009-02-23 00:00:00",8
"18058",18058,"2009-02-23 01:00:00",2
"18059",18059,"2009-02-23 02:00:00",1
"18060",18060,"2009-02-23 03:00:00",0
"18061",18061,"2009-02-23 04:00:00",0
"18062",18062,"2009-02-23 05:00:00",2
"18063",18063,"2009-02-23 06:00:00",4
"18064",18064,"2009-02-23 07:00:00",13
"18065",18065,"2009-02-23 08:00:00",25
"18066",18066,"2009-02-23 09:00:00",19
"18067",18067,"2009-02-23 10:00:00",22
"18068",18068,"2009-02-23 11:00:00",19
"18069",18069,"2009-02-23 12:00:00",12
"18070",18070,"2009-02-23 13:00:00",22
"18071",18071,"2009-02-23 14:00:00",18
"18072",18072,"2009-02-23 15:00:00",20
"18073",18073,"2009-02-23 16:00:00",13
"18074",18074,"2009-02-23 17:00:00",8
"18075",18075,"2009-02-23 18:00:00",20
"18076",18076,"2009-02-23 19:00:00",7
"18077",18077,"2009-02-23 20:00:00",10
"18078",18078,"2009-02-23 21:00:00",15
"18079",18079,"2009-02-23 22:00:00",8
"18080",18080,"2009-02-23 23:00:00",3
"18081",18081,"2009-02-24 00:00:00",10
"18082",18082,"2009-02-24 01:00:00",5
"18083",18083,"2009-02-24 02:00:00",2
"18084",18084,"2009-02-24 03:00:00",3
"18085",18085,"2009-02-24 04:00:00",2
"18086",18086,"2009-02-24 05:00:00",4
"18087",18087,"2009-02-24 06:00:00",6
"18088",18088,"2009-02-24 07:00:00",9
"18089",18089,"2009-02-24 08:00:00",13
"18090",18090,"2009-02-24 09:00:00",12
"18091",18091,"2009-02-24 10:00:00",14
"18092",18092,"2009-02-24 11:00:00",9
"18093",18093,"2009-02-24 12:00:00",11
"18094",18094,"2009-02-24 13:00:00",19
"18095",18095,"2009-02-24 14:00:00",17
"18096",18096,"2009-02-24 15:00:00",21
"18097",18097,"2009-02-24 16:00:00",13
"18098",18098,"2009-02-24 17:00:00",15
"18099",18099,"2009-02-24 18:00:00",12
"18100",18100,"2009-02-24 19:00:00",11
"18101",18101,"2009-02-24 20:00:00",12
"18102",18102,"2009-02-24 21:00:00",10
"18103",18103,"2009-02-24 22:00:00",12
"18104",18104,"2009-02-24 23:00:00",9
"18105",18105,"2009-02-25 00:00:00",12
"18106",18106,"2009-02-25 01:00:00",6
"18107",18107,"2009-02-25 02:00:00",2
"18108",18108,"2009-02-25 03:00:00",0
"18109",18109,"2009-02-25 04:00:00",1
"18110",18110,"2009-02-25 05:00:00",2
"18111",18111,"2009-02-25 06:00:00",3
"18112",18112,"2009-02-25 07:00:00",11
"18113",18113,"2009-02-25 08:00:00",5
"18114",18114,"2009-02-25 09:00:00",22
"18115",18115,"2009-02-25 10:00:00",17
"18116",18116,"2009-02-25 11:00:00",14
"18117",18117,"2009-02-25 12:00:00",15
"18118",18118,"2009-02-25 13:00:00",23
"18119",18119,"2009-02-25 14:00:00",7
"18120",18120,"2009-02-25 15:00:00",15
"18121",18121,"2009-02-25 16:00:00",18
"18122",18122,"2009-02-25 17:00:00",20
"18123",18123,"2009-02-25 18:00:00",15
"18124",18124,"2009-02-25 19:00:00",9
"18125",18125,"2009-02-25 20:00:00",19
"18126",18126,"2009-02-25 21:00:00",11
"18127",18127,"2009-02-25 22:00:00",10
"18128",18128,"2009-02-25 23:00:00",11
"18129",18129,"2009-02-26 00:00:00",12
"18130",18130,"2009-02-26 01:00:00",4
"18131",18131,"2009-02-26 02:00:00",7
"18132",18132,"2009-02-26 03:00:00",7
"18133",18133,"2009-02-26 04:00:00",8
"18134",18134,"2009-02-26 05:00:00",4
"18135",18135,"2009-02-26 06:00:00",4
"18136",18136,"2009-02-26 07:00:00",7
"18137",18137,"2009-02-26 08:00:00",6
"18138",18138,"2009-02-26 09:00:00",9
"18139",18139,"2009-02-26 10:00:00",13
"18140",18140,"2009-02-26 11:00:00",18
"18141",18141,"2009-02-26 12:00:00",19
"18142",18142,"2009-02-26 13:00:00",22
"18143",18143,"2009-02-26 14:00:00",30
"18144",18144,"2009-02-26 15:00:00",14
"18145",18145,"2009-02-26 16:00:00",12
"18146",18146,"2009-02-26 17:00:00",25
"18147",18147,"2009-02-26 18:00:00",12
"18148",18148,"2009-02-26 19:00:00",8
"18149",18149,"2009-02-26 20:00:00",6
"18150",18150,"2009-02-26 21:00:00",7
"18151",18151,"2009-02-26 22:00:00",9
"18152",18152,"2009-02-26 23:00:00",8
"18153",18153,"2009-02-27 00:00:00",14
"18154",18154,"2009-02-27 01:00:00",2
"18155",18155,"2009-02-27 02:00:00",0
"18156",18156,"2009-02-27 03:00:00",0
"18157",18157,"2009-02-27 04:00:00",2
"18158",18158,"2009-02-27 05:00:00",1
"18159",18159,"2009-02-27 06:00:00",11
"18160",18160,"2009-02-27 07:00:00",16
"18161",18161,"2009-02-27 08:00:00",13
"18162",18162,"2009-02-27 09:00:00",9
"18163",18163,"2009-02-27 10:00:00",16
"18164",18164,"2009-02-27 11:00:00",10
"18165",18165,"2009-02-27 12:00:00",18
"18166",18166,"2009-02-27 13:00:00",11
"18167",18167,"2009-02-27 14:00:00",23
"18168",18168,"2009-02-27 15:00:00",26
"18169",18169,"2009-02-27 16:00:00",25
"18170",18170,"2009-02-27 17:00:00",19
"18171",18171,"2009-02-27 18:00:00",7
"18172",18172,"2009-02-27 19:00:00",10
"18173",18173,"2009-02-27 20:00:00",21
"18174",18174,"2009-02-27 21:00:00",15
"18175",18175,"2009-02-27 22:00:00",7
"18176",18176,"2009-02-27 23:00:00",2
"18177",18177,"2009-02-28 00:00:00",13
"18178",18178,"2009-02-28 01:00:00",2
"18179",18179,"2009-02-28 02:00:00",6
"18180",18180,"2009-02-28 03:00:00",1
"18181",18181,"2009-02-28 04:00:00",2
"18182",18182,"2009-02-28 05:00:00",1
"18183",18183,"2009-02-28 06:00:00",4
"18184",18184,"2009-02-28 07:00:00",1
"18185",18185,"2009-02-28 08:00:00",3
"18186",18186,"2009-02-28 09:00:00",6
"18187",18187,"2009-02-28 10:00:00",8
"18188",18188,"2009-02-28 11:00:00",20
"18189",18189,"2009-02-28 12:00:00",16
"18190",18190,"2009-02-28 13:00:00",6
"18191",18191,"2009-02-28 14:00:00",14
"18192",18192,"2009-02-28 15:00:00",11
"18193",18193,"2009-02-28 16:00:00",7
"18194",18194,"2009-02-28 17:00:00",14
"18195",18195,"2009-02-28 18:00:00",13
"18196",18196,"2009-02-28 19:00:00",7
"18197",18197,"2009-02-28 20:00:00",11
"18198",18198,"2009-02-28 21:00:00",18
"18199",18199,"2009-02-28 22:00:00",10
"18200",18200,"2009-02-28 23:00:00",3
